Stage,Count,Conversion_Rate,Drop_Off_Rate
All Sessions,12330,100.0,0.0
Engaged,12324,99.95133819951339,0.04866180048661801
Product Interest,12292,99.69180859691808,0.2596559558584875
Deep Engagement,11232,91.0948905109489,8.623494956068987
High Intent,9729,78.9051094890511,13.381410256410255
Purchase,1908,15.474452554744525,80.38852913968547
