,Total_Sessions,Engaged,Product_Interest,Deep_Engagement,High_Intent,Purchase,Engagement_Rate,Product_Interest_Rate,Deep_Engagement_Rate,High_Intent_Rate,Conversion_Rate,Avg_Page_Value,Avg_Session_Duration,Avg_Pages_Per_Session
Returning_Visitor,10551.0,10545.0,10520.0,9601.0,8047.0,1470.0,99.94313335228888,99.7061889868259,90.99611411240642,76.26765235522699,13.93232868922377,5.006175700140934,1405.707121056795,36.89991470002843
New_Visitor,1694.0,1694.0,1687.0,1573.0,1614.0,422.0,100.0,99.58677685950413,92.85714285714286,95.27744982290437,24.911452184179456,10.77218748275915,747.5421413142603,20.94037780401417
Other,85.0,85.0,85.0,58.0,68.0,16.0,100.0,100.0,68.23529411764706,80.0,18.823529411764707,18.191812223894118,644.7859406808235,14.117647058823529
